<?xml version="1.0" encoding="UTF-8"?>
<project-private xmlns="http://www.netbeans.org/ns/project-private/1">
    <editor-bookmarks xmlns="http://www.netbeans.org/ns/editor-bookmarks/2" lastBookmarkId="0"/>
    <open-files xmlns="http://www.netbeans.org/ns/projectui-open-files/2">
        <group>
            <file>file:/C:/Users/techj/OneDrive/GitHub/CSE216/CSE216/PopulationDataProcessing2/src/edu/sunyk/cse216/interaction/userinterface.java</file>
            <file>file:/C:/Users/techj/OneDrive/GitHub/CSE216/CSE216/PopulationDataProcessing2/src/edu/sunyk/cse216/statistics/MathLib.java</file>
            <file>file:/C:/Users/techj/OneDrive/GitHub/CSE216/CSE216/PopulationDataProcessing2/src/edu/sunyk/cse216/statistics/statistics.java</file>
        </group>
    </open-files>
</project-private>
